timestamp, Temperatura Interna, Temperatura Referencial, Temperatura Externa, Ventoinha, Resistor
21-03-2021 16:35:48,56.75,72.00,22.15,0.00,100.00
21-03-2021 16:35:49,56.78,72.00,27.78,0.00,100.00
21-03-2021 16:35:50,56.24,72.00,27.78,0.00,100.00
21-03-2021 16:35:51,56.24,72.00,27.78,0.00,100.00
21-03-2021 16:35:52,56.20,72.00,27.78,0.00,100.00
21-03-2021 16:35:53,56.20,72.00,27.78,0.00,100.00
21-03-2021 16:35:55,55.49,72.00,27.78,0.00,100.00
21-03-2021 16:35:56,55.49,72.00,27.78,0.00,100.00
21-03-2021 16:35:57,56.20,72.00,27.78,0.00,100.00
21-03-2021 16:35:58,55.91,72.00,27.79,0.00,100.00
21-03-2021 16:35:59,55.91,72.00,27.79,0.00,100.00
21-03-2021 16:36:01,56.59,72.00,27.79,0.00,100.00
21-03-2021 16:36:02,56.59,72.00,27.79,0.00,100.00
21-03-2021 16:36:03,56.69,72.00,27.79,0.00,100.00
21-03-2021 16:36:04,56.69,72.00,27.79,0.00,100.00
21-03-2021 16:36:05,57.11,72.00,27.79,0.00,100.00
21-03-2021 16:36:07,57.33,72.00,27.79,0.00,100.00
21-03-2021 16:36:08,57.33,72.00,27.80,0.00,100.00
21-03-2021 16:36:09,57.85,72.00,27.80,0.00,100.00
21-03-2021 16:36:10,57.85,72.00,27.80,0.00,100.00
21-03-2021 16:36:11,57.20,72.00,27.80,0.00,100.00
21-03-2021 16:36:12,57.20,72.00,27.80,0.00,100.00
21-03-2021 16:36:14,56.36,72.00,27.80,0.00,100.00
21-03-2021 16:36:15,56.33,72.00,27.80,0.00,100.00
21-03-2021 16:36:16,56.33,72.00,27.80,0.00,100.00
21-03-2021 16:36:17,55.53,72.00,27.80,0.00,100.00
21-03-2021 16:36:18,55.53,72.00,27.80,0.00,100.00
21-03-2021 16:36:20,55.53,72.00,27.80,0.00,100.00
21-03-2021 16:36:21,55.53,72.00,27.80,0.00,100.00
21-03-2021 16:36:22,56.04,72.00,27.80,0.00,100.00
21-03-2021 16:36:23,56.91,72.00,27.79,0.00,100.00
21-03-2021 16:36:24,56.91,72.00,27.79,0.00,100.00
21-03-2021 16:36:26,57.14,72.00,27.79,0.00,100.00
21-03-2021 16:36:27,57.14,72.00,27.78,0.00,100.00
21-03-2021 16:36:28,58.01,72.00,27.78,0.00,100.00
21-03-2021 16:36:29,57.04,72.00,27.78,0.00,100.00
21-03-2021 16:36:30,57.04,72.00,27.77,0.00,100.00
21-03-2021 16:36:32,56.85,72.00,27.77,0.00,100.00
21-03-2021 16:36:33,56.85,72.00,27.76,0.00,100.00
21-03-2021 16:36:34,55.59,72.00,27.76,0.00,100.00
21-03-2021 16:36:35,55.59,72.00,27.75,0.00,100.00
21-03-2021 16:36:36,55.46,72.00,27.75,0.00,100.00
21-03-2021 16:36:37,55.08,72.00,27.74,0.00,100.00
21-03-2021 16:36:39,55.08,72.00,27.74,0.00,100.00
21-03-2021 16:36:40,54.91,72.00,27.73,0.00,100.00
21-03-2021 16:36:41,54.91,72.00,27.72,0.00,100.00
21-03-2021 16:36:42,55.04,72.00,27.71,0.00,100.00
21-03-2021 16:36:43,55.04,72.00,27.70,0.00,100.00
21-03-2021 16:36:45,55.53,72.00,27.70,0.00,100.00
21-03-2021 16:36:46,55.78,72.00,27.69,0.00,100.00
21-03-2021 16:36:47,55.78,72.00,27.68,0.00,100.00
21-03-2021 16:36:48,55.98,72.00,27.68,0.00,100.00
21-03-2021 16:36:49,55.98,72.00,27.67,0.00,100.00
21-03-2021 16:36:51,57.46,72.00,27.67,0.00,100.00
21-03-2021 16:36:52,57.94,72.00,27.66,0.00,100.00
21-03-2021 16:36:53,57.94,72.00,27.66,0.00,100.00
21-03-2021 16:36:54,58.65,72.00,27.66,0.00,100.00
21-03-2021 16:36:55,58.65,72.00,27.66,0.00,100.00
21-03-2021 16:36:56,58.56,72.00,27.66,0.00,100.00
21-03-2021 16:36:58,58.56,72.00,27.66,0.00,100.00
21-03-2021 16:36:59,58.30,72.00,27.66,0.00,100.00
21-03-2021 16:37:00,57.36,72.00,27.66,0.00,100.00
21-03-2021 16:37:01,57.36,72.00,27.66,0.00,100.00
21-03-2021 16:37:02,57.17,72.00,27.66,0.00,100.00
21-03-2021 16:37:04,57.17,72.00,27.66,0.00,100.00
21-03-2021 16:37:05,57.72,72.00,27.66,0.00,100.00
21-03-2021 16:37:06,57.72,72.00,27.67,0.00,100.00
21-03-2021 16:37:07,57.56,72.00,27.67,0.00,100.00
21-03-2021 16:37:08,56.69,72.00,27.67,0.00,100.00
21-03-2021 16:37:10,56.69,72.00,27.67,0.00,100.00
21-03-2021 16:37:11,57.69,72.00,27.67,0.00,100.00
21-03-2021 16:37:12,57.69,72.00,27.68,0.00,100.00
21-03-2021 16:37:13,57.65,72.00,27.68,0.00,100.00
21-03-2021 16:37:14,57.11,72.00,27.68,0.00,100.00
21-03-2021 16:37:15,57.11,72.00,27.68,0.00,100.00
21-03-2021 16:37:17,58.20,72.00,27.69,0.00,100.00
21-03-2021 16:37:18,58.20,72.00,27.69,0.00,100.00
21-03-2021 16:37:19,59.59,72.00,27.69,0.00,100.00
21-03-2021 16:37:20,59.59,72.00,27.70,0.00,100.00
21-03-2021 16:37:21,59.72,72.00,27.70,0.00,100.00
21-03-2021 16:37:22,60.01,72.00,27.70,0.00,100.00
21-03-2021 16:37:24,60.01,72.00,27.71,0.00,100.00
21-03-2021 16:37:25,60.17,72.00,27.71,0.00,100.00
21-03-2021 16:37:26,60.17,72.00,27.71,0.00,100.00
21-03-2021 16:37:27,60.17,72.00,27.72,0.00,100.00
21-03-2021 16:37:28,60.17,72.00,27.72,0.00,100.00
21-03-2021 16:37:30,60.42,72.00,27.72,0.00,100.00
21-03-2021 16:37:31,60.23,72.00,27.73,0.00,100.00
21-03-2021 16:37:32,60.23,72.00,27.73,0.00,100.00
21-03-2021 16:37:33,60.36,72.00,27.73,0.00,100.00
21-03-2021 16:37:34,60.36,72.00,27.73,0.00,100.00
21-03-2021 16:37:36,60.55,72.00,27.74,0.00,100.00
21-03-2021 16:37:37,60.55,72.00,27.74,0.00,100.00
21-03-2021 16:37:38,60.88,72.00,27.74,0.00,100.00
21-03-2021 16:37:39,62.78,72.00,27.75,0.00,100.00
21-03-2021 16:37:40,62.78,72.00,27.75,0.00,100.00
21-03-2021 16:37:41,63.52,72.00,27.75,0.00,100.00
21-03-2021 16:37:43,63.52,72.00,27.76,0.00,100.00
21-03-2021 16:37:44,64.20,72.00,27.76,0.00,100.00
21-03-2021 16:37:45,64.20,72.00,27.76,0.00,100.00
21-03-2021 16:37:46,64.07,72.00,27.77,0.00,100.00
21-03-2021 16:37:47,63.20,72.00,27.77,0.00,100.00
21-03-2021 16:37:49,63.20,72.00,27.77,0.00,100.00
21-03-2021 16:37:50,61.84,72.00,27.77,0.00,100.00
21-03-2021 16:37:51,61.84,72.00,27.78,0.00,100.00
21-03-2021 16:37:52,61.39,72.00,27.78,0.00,100.00
21-03-2021 16:37:53,61.39,72.00,27.78,0.00,100.00
21-03-2021 16:37:54,61.20,72.00,27.79,0.00,100.00
21-03-2021 16:37:56,61.52,72.00,27.79,0.00,100.00
21-03-2021 16:37:57,61.52,72.00,27.80,0.00,100.00
21-03-2021 16:37:58,61.78,72.00,27.80,0.00,100.00
21-03-2021 16:37:59,61.78,72.00,27.80,0.00,100.00
21-03-2021 16:38:00,61.68,72.00,27.81,0.00,100.00
21-03-2021 16:38:01,61.68,72.00,27.81,0.00,100.00
21-03-2021 16:38:03,61.88,72.00,27.81,0.00,100.00
21-03-2021 16:38:04,62.10,72.00,27.82,0.00,100.00
21-03-2021 16:38:05,62.10,72.00,27.82,0.00,100.00
21-03-2021 16:38:06,62.46,72.00,27.82,0.00,100.00
21-03-2021 16:38:07,62.46,72.00,27.83,0.00,100.00
21-03-2021 16:38:09,63.74,72.00,27.83,0.00,100.00
21-03-2021 16:38:10,63.74,72.00,27.83,0.00,100.00
21-03-2021 16:38:11,64.13,72.00,27.84,0.00,100.00
21-03-2021 16:38:12,64.68,72.00,27.84,0.00,100.00
21-03-2021 16:38:13,64.68,72.00,27.84,0.00,100.00
21-03-2021 16:38:14,64.84,72.00,27.85,0.00,100.00
21-03-2021 16:38:16,64.84,72.00,27.85,0.00,100.00
21-03-2021 16:38:17,65.42,72.00,27.86,0.00,100.00
21-03-2021 16:38:18,64.94,72.00,27.86,0.00,100.00
21-03-2021 16:38:19,64.94,72.00,27.86,0.00,100.00
21-03-2021 16:38:20,64.52,72.00,27.87,0.00,100.00
21-03-2021 16:38:22,64.52,72.00,27.87,0.00,100.00
21-03-2021 16:38:23,64.74,72.00,27.87,0.00,100.00
21-03-2021 16:38:24,64.74,72.00,27.87,0.00,100.00
21-03-2021 16:38:25,64.58,72.00,27.88,0.00,100.00
21-03-2021 16:38:26,64.74,72.00,27.88,0.00,100.00
21-03-2021 16:38:28,64.74,72.00,27.88,0.00,100.00
21-03-2021 16:38:29,66.00,72.00,27.89,0.00,100.00
21-03-2021 16:38:30,66.00,72.00,27.89,0.00,100.00
21-03-2021 16:38:31,66.93,72.00,27.89,0.00,100.00
21-03-2021 16:38:32,66.93,72.00,27.89,0.00,100.00
21-03-2021 16:38:33,66.87,72.00,27.90,0.00,100.00
21-03-2021 16:38:35,67.48,72.00,27.90,0.00,100.00
21-03-2021 16:38:36,67.48,72.00,27.90,0.00,100.00
21-03-2021 16:38:37,67.26,72.00,27.90,0.00,100.00
21-03-2021 16:38:38,67.26,72.00,27.90,0.00,100.00
21-03-2021 16:38:39,65.42,72.00,27.91,0.00,100.00
21-03-2021 16:38:40,65.42,72.00,27.91,0.00,100.00
21-03-2021 16:38:42,65.13,72.00,27.91,0.00,100.00
21-03-2021 16:38:43,65.45,67.00,27.91,0.00,81.13
21-03-2021 16:38:44,65.45,67.00,27.91,0.00,100.00
21-03-2021 16:38:45,65.81,67.00,27.92,0.00,100.00
21-03-2021 16:38:46,65.81,67.00,27.92,0.00,100.00
21-03-2021 16:38:48,66.45,67.00,27.92,0.00,99.52
21-03-2021 16:38:49,66.45,67.00,27.92,0.00,100.00
21-03-2021 16:38:50,67.93,67.00,27.92,0.00,86.99
21-03-2021 16:38:51,68.32,67.00,27.93,0.00,89.21
21-03-2021 16:38:52,68.32,67.00,27.93,0.00,89.82
21-03-2021 16:38:53,69.06,67.00,27.93,0.00,80.35
21-03-2021 16:38:55,69.06,67.00,27.93,0.00,82.00
21-03-2021 16:38:56,69.83,67.00,27.93,0.00,71.43
21-03-2021 16:38:57,69.83,67.00,27.93,0.00,72.46
21-03-2021 16:38:58,70.03,67.00,27.92,0.00,67.50
21-03-2021 16:38:59,69.87,67.00,27.92,0.00,67.21
21-03-2021 16:39:01,69.87,67.00,27.91,0.00,63.53
21-03-2021 16:39:02,69.51,67.00,27.90,0.00,64.57
21-03-2021 16:39:03,69.51,67.00,27.90,0.00,60.28
21-03-2021 16:39:04,69.25,67.00,27.89,0.00,60.60
21-03-2021 16:39:05,69.25,67.00,27.89,0.00,57.06
21-03-2021 16:39:06,68.55,67.00,27.88,0.00,62.60
21-03-2021 16:39:08,67.97,67.00,27.88,0.00,63.89
21-03-2021 16:39:09,67.97,67.00,27.88,0.00,60.03
21-03-2021 16:39:10,68.03,67.00,27.87,0.00,58.35
21-03-2021 16:39:11,68.03,67.00,27.87,0.00,57.65
21-03-2021 16:39:12,68.80,67.00,27.87,0.00,48.11
21-03-2021 16:39:14,68.80,67.00,27.87,0.00,50.17
21-03-2021 16:39:15,69.29,67.00,27.87,0.00,43.05
21-03-2021 16:39:16,69.48,67.00,27.87,0.00,41.05
21-03-2021 16:39:17,69.48,67.00,27.86,0.00,39.54
21-03-2021 16:39:18,69.54,67.00,27.86,0.00,36.35
21-03-2021 16:39:20,69.54,67.00,27.86,0.00,34.13
21-03-2021 16:39:21,69.74,67.00,27.86,0.00,29.46
21-03-2021 16:39:22,69.61,67.00,27.86,0.00,29.10
21-03-2021 16:39:23,69.61,67.00,27.86,0.00,25.85
21-03-2021 16:39:24,68.93,67.00,27.86,0.00,30.68
21-03-2021 16:39:25,68.93,67.00,27.86,0.00,25.37
21-03-2021 16:39:27,68.64,67.00,27.87,0.00,26.62
21-03-2021 16:39:28,68.64,67.00,27.87,0.00,23.53
21-03-2021 16:39:29,69.00,67.00,27.87,0.00,17.99
21-03-2021 16:39:30,68.51,67.00,27.87,0.00,23.08
21-03-2021 16:39:31,68.51,67.00,27.87,0.00,19.15
21-03-2021 16:39:33,68.35,67.00,27.86,0.00,19.41
21-03-2021 16:39:34,68.35,67.00,27.86,0.00,17.25
21-03-2021 16:39:35,68.93,67.00,27.86,0.00,9.52
21-03-2021 16:39:36,68.93,67.00,27.85,0.00,10.49
21-03-2021 16:39:37,69.58,67.00,27.85,0.00,1.46
21-03-2021 16:39:38,69.77,67.00,27.85,0.00,0.00
21-03-2021 16:39:40,69.77,67.00,27.84,0.00,0.00
21-03-2021 16:39:41,70.16,67.00,27.84,0.00,0.00
21-03-2021 16:39:42,70.16,67.00,27.83,0.00,0.00
21-03-2021 16:39:43,70.19,67.00,27.83,0.00,0.00
21-03-2021 16:39:44,70.29,67.00,27.83,0.00,0.00
21-03-2021 16:39:46,70.29,67.00,27.82,0.00,0.00
21-03-2021 16:39:47,70.42,67.00,27.82,0.00,0.00
21-03-2021 16:39:48,70.42,67.00,27.81,0.00,0.00
21-03-2021 16:39:49,70.32,67.00,27.81,0.00,0.00
21-03-2021 16:39:50,70.32,67.00,27.81,0.00,0.00
21-03-2021 16:39:52,70.48,67.00,27.80,0.00,0.00
21-03-2021 16:39:53,70.87,67.00,27.80,46.12,0.00
21-03-2021 16:39:54,70.87,67.00,27.80,48.05,0.00
21-03-2021 16:39:55,70.45,67.00,27.79,47.31,0.00
21-03-2021 16:39:56,70.45,67.00,27.79,52.85,0.00
21-03-2021 16:39:58,69.67,67.00,27.79,47.79,0.00
21-03-2021 16:39:59,69.67,67.00,27.78,54.33,0.00
21-03-2021 16:40:00,69.16,67.00,27.78,51.34,0.00
21-03-2021 16:40:01,68.48,67.00,27.78,48.63,0.00
21-03-2021 16:40:02,68.48,67.00,27.77,53.49,0.00
21-03-2021 16:40:03,66.77,67.00,27.77,0.00,0.00
21-03-2021 16:40:05,66.77,67.00,27.77,44.50,0.00
21-03-2021 16:40:06,66.10,67.00,27.76,0.00,0.00
21-03-2021 16:40:07,66.10,67.00,27.76,0.00,0.00
21-03-2021 16:40:08,66.03,67.00,27.76,0.00,0.00
21-03-2021 16:40:09,65.74,67.00,27.76,0.00,0.00
21-03-2021 16:40:10,65.74,67.00,27.76,0.00,0.00
21-03-2021 16:40:12,65.52,67.00,27.76,0.00,0.00
21-03-2021 16:40:13,65.52,67.00,27.76,0.00,0.00
21-03-2021 16:40:14,66.26,67.00,27.76,0.00,0.00
21-03-2021 16:40:15,66.26,67.00,27.76,0.00,0.00
21-03-2021 16:40:16,66.71,67.00,27.76,0.00,0.00
21-03-2021 16:40:18,66.52,67.00,27.76,0.00,0.00
21-03-2021 16:40:19,66.52,67.00,27.76,0.00,0.00
21-03-2021 16:40:20,65.16,67.00,27.76,0.00,0.00
21-03-2021 16:40:21,65.16,67.00,27.77,0.00,0.00
21-03-2021 16:40:22,65.39,67.00,27.77,0.00,0.00
21-03-2021 16:40:24,62.75,67.00,27.77,0.00,9.40
21-03-2021 16:40:25,62.75,67.00,27.77,0.00,0.44
21-03-2021 16:40:26,62.49,67.00,27.77,0.00,7.53
21-03-2021 16:40:27,62.49,67.00,27.78,0.00,10.75
21-03-2021 16:40:28,62.78,67.00,27.78,0.00,12.08
21-03-2021 16:40:30,62.78,67.00,27.78,0.00,17.75
21-03-2021 16:40:31,64.10,67.00,27.78,0.00,7.44
21-03-2021 16:40:32,64.00,67.00,27.79,0.00,18.01
21-03-2021 16:40:33,64.00,67.00,27.79,0.00,20.52
21-03-2021 16:40:34,66.87,67.00,27.79,0.00,0.00
21-03-2021 16:40:35,66.87,67.00,27.80,0.00,6.44
21-03-2021 16:40:37,66.32,67.00,27.80,0.00,12.60
21-03-2021 16:40:38,66.32,67.00,27.80,0.00,10.54
21-03-2021 16:40:39,65.90,67.00,27.80,0.00,15.82
21-03-2021 16:40:40,66.13,67.00,27.80,0.00,12.34
21-03-2021 16:40:41,66.13,67.00,27.80,0.00,14.34
21-03-2021 16:40:43,66.19,67.00,27.79,0.00,14.50
21-03-2021 16:40:44,66.19,67.00,27.78,0.00,15.63
21-03-2021 16:40:45,65.90,67.00,27.78,0.00,19.63
21-03-2021 16:40:46,65.90,67.00,27.77,0.00,19.28
21-03-2021 16:40:47,66.23,67.00,27.77,0.00,16.83
21-03-2021 16:40:48,65.23,67.00,27.76,0.00,30.20
21-03-2021 16:40:50,65.23,67.00,27.76,0.00,26.98
21-03-2021 16:40:51,64.74,67.00,27.75,0.00,34.07
21-03-2021 16:40:52,64.74,67.00,27.74,0.00,33.91
21-03-2021 16:40:53,64.49,67.00,27.74,0.00,39.01
21-03-2021 16:40:54,64.49,67.00,27.73,0.00,40.23
21-03-2021 16:40:56,64.71,67.00,27.73,0.00,40.26
21-03-2021 16:40:57,64.42,67.00,27.72,0.00,46.87
21-03-2021 16:40:58,64.42,67.00,27.72,0.00,48.00
21-03-2021 16:40:59,64.71,67.00,27.72,0.00,47.39
21-03-2021 16:41:00,64.71,67.00,27.72,0.00,51.13
21-03-2021 16:41:01,65.16,67.00,27.72,0.00,48.46
21-03-2021 16:41:03,65.26,67.00,27.71,0.00,51.49
21-03-2021 16:41:04,65.26,67.00,27.71,0.00,53.71
21-03-2021 16:41:05,65.29,35.00,27.71,100.00,0.00
21-03-2021 16:41:06,65.29,35.00,27.72,100.00,0.00
21-03-2021 16:41:07,65.10,38.00,27.72,100.00,0.00
21-03-2021 16:41:09,65.10,39.00,27.72,100.00,0.00
21-03-2021 16:41:10,65.39,40.00,27.72,100.00,0.00
21-03-2021 16:41:11,64.32,40.00,27.72,100.00,0.00
21-03-2021 16:41:12,64.32,40.00,27.72,100.00,0.00
21-03-2021 16:41:13,64.00,40.00,27.72,100.00,0.00
21-03-2021 16:41:15,64.00,40.00,27.72,100.00,0.00
21-03-2021 16:41:16,63.36,40.00,27.72,100.00,0.00
21-03-2021 16:41:17,63.36,40.00,27.72,100.00,0.00
21-03-2021 16:41:18,63.10,40.00,27.72,100.00,0.00
21-03-2021 16:41:19,63.16,40.00,27.72,100.00,0.00
21-03-2021 16:41:21,63.16,40.00,27.72,100.00,0.00
21-03-2021 16:41:22,63.13,40.00,27.72,100.00,0.00
21-03-2021 16:41:23,63.13,40.00,27.72,100.00,0.00
21-03-2021 16:41:24,62.20,40.00,27.71,100.00,0.00
21-03-2021 16:41:25,62.20,40.00,27.71,100.00,0.00
21-03-2021 16:41:26,61.46,40.00,27.71,100.00,0.00
21-03-2021 16:41:28,61.26,40.00,27.71,100.00,0.00
21-03-2021 16:41:29,61.26,40.00,27.71,100.00,0.00
21-03-2021 16:41:30,58.88,40.00,27.71,100.00,0.00
21-03-2021 16:41:31,58.88,40.00,27.70,100.00,0.00
21-03-2021 16:41:32,57.52,40.00,27.70,100.00,0.00
21-03-2021 16:41:34,57.43,40.00,27.70,100.00,0.00
21-03-2021 16:41:35,57.43,40.00,27.70,100.00,0.00
21-03-2021 16:41:36,57.11,40.00,27.70,100.00,0.00
21-03-2021 16:41:37,57.11,40.00,27.70,100.00,0.00
21-03-2021 16:41:38,57.17,40.00,27.70,100.00,0.00
21-03-2021 16:41:39,57.17,40.00,27.70,100.00,0.00
21-03-2021 16:41:41,58.43,40.00,27.70,100.00,0.00
21-03-2021 16:41:42,58.33,40.00,27.70,100.00,0.00
21-03-2021 16:41:43,58.33,40.00,27.70,100.00,0.00
21-03-2021 16:41:44,57.65,40.00,27.70,100.00,0.00
21-03-2021 16:41:45,57.65,40.00,27.70,100.00,0.00
21-03-2021 16:41:47,57.20,40.00,27.70,100.00,0.00
21-03-2021 16:41:48,57.20,40.00,27.70,100.00,0.00
21-03-2021 16:41:49,56.17,40.00,27.70,100.00,0.00
21-03-2021 16:41:50,55.33,40.00,27.70,100.00,0.00
21-03-2021 16:41:51,55.33,40.00,27.71,100.00,0.00
21-03-2021 16:41:53,54.95,40.00,27.71,100.00,0.00
21-03-2021 16:41:54,54.95,40.00,27.71,100.00,0.00
21-03-2021 16:41:55,54.24,40.00,27.71,100.00,0.00
21-03-2021 16:41:56,53.98,40.00,27.71,100.00,0.00
21-03-2021 16:41:57,53.98,40.00,27.71,100.00,0.00
21-03-2021 16:41:59,52.98,40.00,27.71,100.00,0.00
21-03-2021 16:42:00,52.98,40.00,27.71,100.00,0.00
21-03-2021 16:42:01,52.98,40.00,27.71,100.00,0.00
21-03-2021 16:42:02,52.98,40.00,27.71,100.00,0.00
21-03-2021 16:42:03,52.85,40.00,27.70,100.00,0.00
21-03-2021 16:42:05,53.24,40.00,27.70,100.00,0.00
21-03-2021 16:42:06,53.24,40.00,27.70,100.00,0.00
21-03-2021 16:42:07,53.21,40.00,27.70,100.00,0.00
21-03-2021 16:42:08,53.21,40.00,27.70,100.00,0.00
21-03-2021 16:42:09,56.49,40.00,27.70,100.00,0.00
21-03-2021 16:42:11,56.20,40.00,27.71,100.00,0.00
21-03-2021 16:42:12,56.20,40.00,27.71,100.00,0.00
21-03-2021 16:42:13,55.40,40.00,27.71,100.00,0.00
21-03-2021 16:42:14,55.40,40.00,27.71,100.00,0.00
21-03-2021 16:42:16,54.50,40.00,27.71,100.00,0.00
21-03-2021 16:42:17,53.01,40.00,27.71,100.00,0.00
21-03-2021 16:42:18,53.01,40.00,27.72,100.00,0.00
21-03-2021 16:42:19,50.08,40.00,27.71,100.00,0.00
21-03-2021 16:42:20,50.08,40.00,27.71,100.00,0.00
21-03-2021 16:42:22,50.21,40.00,27.71,100.00,0.00
21-03-2021 16:42:23,50.21,40.00,27.71,100.00,0.00
21-03-2021 16:42:24,51.01,40.00,27.72,100.00,0.00
21-03-2021 16:42:25,50.66,40.00,27.72,100.00,0.00
21-03-2021 16:42:26,50.66,40.00,27.72,100.00,0.00
21-03-2021 16:42:28,51.11,40.00,27.72,100.00,0.00
21-03-2021 16:42:30,50.37,40.00,27.73,100.00,0.00
21-03-2021 16:42:35,50.50,40.00,27.73,100.00,0.00
21-03-2021 16:42:36,50.47,40.00,27.73,100.00,0.00
21-03-2021 16:42:37,50.37,40.00,27.73,100.00,0.00
21-03-2021 16:42:39,50.37,40.00,27.73,100.00,0.00
21-03-2021 16:42:40,50.24,40.00,27.73,100.00,0.00
21-03-2021 16:42:41,50.24,40.00,27.73,100.00,0.00
21-03-2021 16:42:42,49.21,40.00,27.73,100.00,0.00
21-03-2021 16:42:43,49.21,40.00,27.73,100.00,0.00
21-03-2021 16:42:46,47.21,40.00,27.73,100.00,0.00
21-03-2021 16:42:47,47.21,40.00,27.73,100.00,0.00
21-03-2021 16:42:48,46.70,40.00,27.73,100.00,0.00
21-03-2021 16:42:49,46.70,40.00,27.73,100.00,0.00
21-03-2021 16:42:51,45.21,40.00,27.73,100.00,0.00
21-03-2021 16:42:52,45.21,40.00,27.73,100.00,0.00
21-03-2021 16:42:53,45.21,40.00,27.72,100.00,0.00
21-03-2021 16:42:56,45.54,40.00,27.72,100.00,0.00
21-03-2021 16:42:57,45.54,40.00,27.72,100.00,0.00
21-03-2021 16:42:59,46.08,40.00,27.71,100.00,0.00
21-03-2021 16:43:01,47.21,40.00,27.71,100.00,0.00
21-03-2021 16:43:02,46.66,40.00,27.71,100.00,0.00
21-03-2021 16:43:03,46.66,40.00,27.71,100.00,0.00
21-03-2021 16:43:04,46.63,40.00,27.70,100.00,0.00
21-03-2021 16:43:06,46.63,40.00,27.70,100.00,0.00
21-03-2021 16:43:08,46.54,40.00,27.70,100.00,0.00
21-03-2021 16:43:10,46.18,40.00,27.70,100.00,0.00
21-03-2021 16:43:11,45.50,40.00,27.69,100.00,0.00
21-03-2021 16:43:13,45.54,40.00,27.69,100.00,0.00
21-03-2021 16:43:14,45.54,40.00,27.69,100.00,0.00
21-03-2021 16:43:15,45.08,40.00,27.69,100.00,0.00
21-03-2021 16:43:16,45.08,40.00,27.69,100.00,0.00
21-03-2021 16:43:22,43.47,40.00,27.69,100.00,0.00
21-03-2021 16:43:23,42.44,40.00,27.69,100.00,0.00
21-03-2021 16:43:25,42.73,40.00,27.69,100.00,0.00
21-03-2021 16:43:27,42.31,40.00,27.70,100.00,0.00
21-03-2021 16:43:28,42.31,40.00,27.70,100.00,0.00
21-03-2021 16:43:31,43.15,40.00,27.71,100.00,0.00
21-03-2021 16:43:32,43.15,40.00,27.71,100.00,0.00
21-03-2021 16:43:34,43.38,40.00,27.71,100.00,0.00
21-03-2021 16:43:37,43.34,50.00,27.71,0.00,0.00
21-03-2021 16:43:39,44.28,50.00,27.71,63.69,0.00
21-03-2021 16:43:41,42.89,50.00,27.72,0.00,0.00
21-03-2021 16:43:44,42.76,50.00,27.72,0.00,0.00
21-03-2021 16:43:46,42.89,50.00,27.72,0.00,0.00
21-03-2021 16:43:48,42.76,50.00,27.73,0.00,0.00
21-03-2021 16:43:49,42.09,50.00,27.73,0.00,0.00
21-03-2021 16:43:55,43.15,50.00,27.74,0.00,0.00
21-03-2021 16:43:56,43.22,50.00,27.74,0.00,0.00
21-03-2021 16:43:57,43.22,50.00,27.74,0.00,3.31
21-03-2021 16:43:58,42.47,50.00,27.75,0.00,18.25
21-03-2021 16:43:59,42.47,50.00,27.75,0.00,22.07
21-03-2021 16:44:03,41.02,50.00,27.76,0.00,45.54
21-03-2021 16:44:08,42.60,50.00,27.77,0.00,29.90
21-03-2021 16:44:09,43.73,50.00,27.77,0.00,32.78
21-03-2021 16:44:10,45.54,50.00,27.78,0.00,24.84
21-03-2021 16:44:12,44.44,50.00,27.78,0.00,50.38
21-03-2021 16:44:14,44.44,50.00,27.78,0.00,50.46
21-03-2021 16:44:15,43.70,50.00,27.79,0.00,64.17
21-03-2021 16:44:16,43.70,50.00,27.79,0.00,66.77
21-03-2021 16:44:17,43.31,50.00,27.79,0.00,77.32
21-03-2021 16:44:18,43.31,50.00,27.79,0.00,82.08
21-03-2021 16:44:20,42.83,50.00,27.80,0.00,94.08
21-03-2021 16:44:21,42.67,50.00,27.80,0.00,100.00
21-03-2021 16:44:22,42.67,50.00,27.80,0.00,100.00
21-03-2021 16:44:24,43.15,50.00,27.81,0.00,100.00
21-03-2021 16:44:25,42.57,50.00,27.81,0.00,100.00
21-03-2021 16:44:27,42.57,50.00,27.81,0.00,100.00
21-03-2021 16:44:28,42.93,50.00,27.81,0.00,100.00
21-03-2021 16:44:30,42.51,50.00,27.81,0.00,100.00
21-03-2021 16:44:31,42.06,50.00,27.82,0.00,100.00
21-03-2021 16:44:34,42.57,50.00,27.82,0.00,100.00
21-03-2021 16:44:36,43.28,50.00,27.83,0.00,100.00
21-03-2021 16:44:39,43.96,50.00,22.15,0.00,66.47
21-03-2021 16:44:40,43.96,50.00,27.84,0.00,42.30
21-03-2021 16:44:42,44.09,50.00,27.84,0.00,46.93
21-03-2021 16:44:43,44.09,50.00,27.84,0.00,53.48
21-03-2021 16:44:44,44.21,50.00,27.84,0.00,57.98
21-03-2021 16:44:45,43.99,50.00,27.84,0.00,66.89
21-03-2021 16:44:47,43.92,50.00,27.84,0.00,72.48
21-03-2021 16:44:49,43.92,50.00,27.84,0.00,78.24
21-03-2021 16:44:50,44.05,50.00,27.84,0.00,82.89
21-03-2021 16:44:51,44.05,50.00,27.84,0.00,89.48
21-03-2021 16:44:52,44.50,50.00,27.84,0.00,90.47
21-03-2021 16:44:53,45.63,50.00,27.84,0.00,85.81
21-03-2021 16:44:55,45.63,50.00,27.85,0.00,95.82
21-03-2021 16:44:56,45.54,50.00,27.85,0.00,100.00
21-03-2021 16:44:57,45.54,50.00,27.85,0.00,100.00
21-03-2021 16:44:58,45.44,50.00,27.85,0.00,100.00
21-03-2021 16:44:59,45.44,50.00,27.85,0.00,100.00
21-03-2021 16:45:00,45.28,50.00,27.85,0.00,100.00
21-03-2021 16:45:02,46.60,50.00,27.84,0.00,100.00
21-03-2021 16:45:03,46.60,50.00,27.84,0.00,100.00
21-03-2021 16:45:04,45.28,50.00,27.84,0.00,100.00
21-03-2021 16:45:05,45.28,50.00,27.84,0.00,100.00
21-03-2021 16:45:06,45.73,50.00,27.84,0.00,100.00
21-03-2021 16:45:08,45.73,50.00,27.84,0.00,100.00
21-03-2021 16:45:09,46.95,50.00,27.84,0.00,100.00
21-03-2021 16:45:10,46.99,50.00,27.84,0.00,100.00
21-03-2021 16:45:11,46.99,50.00,27.84,0.00,100.00
21-03-2021 16:45:12,46.57,50.00,27.84,0.00,100.00
21-03-2021 16:45:14,46.57,50.00,27.83,0.00,100.00
21-03-2021 16:45:15,46.86,50.00,27.83,0.00,100.00
21-03-2021 16:45:16,46.86,50.00,27.83,0.00,100.00
21-03-2021 16:45:17,47.15,50.00,27.83,0.00,100.00
21-03-2021 16:45:18,46.50,50.00,27.83,0.00,100.00
21-03-2021 16:45:19,46.50,50.00,27.83,0.00,100.00
21-03-2021 16:45:21,47.02,50.00,27.83,0.00,100.00
21-03-2021 16:45:22,47.02,50.00,27.83,0.00,100.00
21-03-2021 16:45:23,46.95,50.00,27.83,0.00,100.00
21-03-2021 16:45:25,46.86,50.00,27.83,0.00,100.00
21-03-2021 16:45:26,46.86,50.00,27.83,0.00,100.00
21-03-2021 16:45:28,46.86,50.00,27.83,0.00,100.00
21-03-2021 16:45:29,47.24,50.00,27.83,0.00,100.00
21-03-2021 16:45:31,47.08,50.00,27.83,0.00,100.00
21-03-2021 16:45:32,47.08,50.00,27.83,0.00,100.00
21-03-2021 16:45:34,47.15,50.00,27.84,0.00,100.00
21-03-2021 16:45:36,46.95,50.00,27.84,0.00,100.00
21-03-2021 16:45:37,46.92,50.00,27.84,0.00,100.00
21-03-2021 16:45:38,46.92,50.00,27.84,0.00,100.00
21-03-2021 16:45:40,47.21,50.00,27.85,0.00,100.00
21-03-2021 16:45:41,46.95,50.00,27.85,0.00,100.00
21-03-2021 16:45:43,46.95,50.00,27.85,0.00,100.00
21-03-2021 16:45:44,47.02,50.00,27.85,0.00,100.00
21-03-2021 16:45:45,48.63,50.00,27.85,0.00,98.79
21-03-2021 16:45:46,48.63,50.00,27.85,0.00,100.00
21-03-2021 16:45:47,49.40,50.00,27.85,0.00,99.12
21-03-2021 16:45:48,49.40,50.00,27.85,0.00,100.00
21-03-2021 16:45:50,49.53,50.00,27.85,0.00,100.00
21-03-2021 16:45:51,49.53,50.00,27.85,0.00,100.00
21-03-2021 16:45:53,50.79,50.00,27.85,0.00,88.98
21-03-2021 16:45:55,50.92,50.00,27.85,0.00,93.06
21-03-2021 16:45:56,50.92,50.00,27.84,0.00,92.79
21-03-2021 16:46:00,49.79,50.00,27.84,0.00,100.00
21-03-2021 16:46:01,49.79,50.00,27.84,0.00,98.84
21-03-2021 16:46:02,49.95,50.00,27.83,0.00,97.28
21-03-2021 16:46:03,49.95,50.00,27.83,0.00,98.14
21-03-2021 16:46:04,49.34,50.00,27.82,0.00,100.00
21-03-2021 16:46:06,48.73,50.00,27.82,0.00,100.00
21-03-2021 16:46:07,48.73,50.00,27.81,0.00,100.00
21-03-2021 16:46:09,49.24,50.00,27.80,0.00,100.00
21-03-2021 16:46:10,50.63,50.00,27.79,0.00,89.30
21-03-2021 16:46:17,52.40,50.00,27.76,0.00,76.11
21-03-2021 16:46:19,51.95,50.00,27.75,0.00,87.53
21-03-2021 16:46:20,51.95,50.00,27.75,0.00,83.33
21-03-2021 16:46:22,52.21,50.00,27.74,0.00,78.54
21-03-2021 16:46:23,52.21,50.00,27.73,0.00,77.62
21-03-2021 16:46:25,51.95,50.00,27.73,0.00,78.25
21-03-2021 16:46:27,52.21,50.00,27.72,0.00,72.18
21-03-2021 16:46:28,52.21,50.00,27.72,0.00,71.26
21-03-2021 16:46:29,52.95,50.00,27.72,0.00,60.90
21-03-2021 16:46:30,53.01,50.00,27.72,0.00,60.95
21-03-2021 16:46:32,53.01,50.00,27.72,0.00,58.26
21-03-2021 16:46:33,53.30,50.00,27.72,0.00,52.06
21-03-2021 16:46:38,53.62,50.00,27.72,0.00,46.66
21-03-2021 16:46:40,54.08,50.00,27.73,0.00,39.68
21-03-2021 16:46:41,54.24,50.00,27.73,0.00,36.09
21-03-2021 16:46:43,54.14,50.00,27.73,0.00,33.72
21-03-2021 16:46:44,54.14,50.00,27.74,0.00,29.10
21-03-2021 16:46:45,54.46,50.00,27.74,0.00,21.41
21-03-2021 16:46:46,54.46,50.00,27.74,0.00,18.56
21-03-2021 16:46:48,54.17,50.00,27.75,0.00,17.29
21-03-2021 16:46:50,54.75,50.00,27.75,0.00,5.28
21-03-2021 16:46:52,54.59,50.00,27.76,0.00,5.20
21-03-2021 16:46:54,54.59,50.00,27.77,0.00,0.00
21-03-2021 16:46:57,55.69,50.00,27.78,0.00,0.00
21-03-2021 16:47:00,55.04,50.00,27.78,0.00,0.00
21-03-2021 16:47:01,55.04,50.00,27.79,0.00,0.00
21-03-2021 16:47:03,55.14,50.00,27.80,0.00,0.00
21-03-2021 16:47:04,55.14,50.00,27.80,0.00,0.00
21-03-2021 16:47:05,54.33,64.00,27.80,0.00,100.00
21-03-2021 16:47:07,54.33,64.00,27.80,0.00,64.37
21-03-2021 16:47:08,55.14,64.00,27.81,0.00,65.18
21-03-2021 16:47:09,55.14,64.00,27.81,0.00,78.07
21-03-2021 16:47:10,55.85,64.00,27.81,0.00,79.13
21-03-2021 16:47:11,55.85,64.00,27.82,0.00,90.82
21-03-2021 16:47:12,56.17,64.00,27.82,0.00,95.43
21-03-2021 16:47:14,56.69,64.00,27.82,0.00,99.20
21-03-2021 16:47:15,56.69,64.00,27.82,0.00,100.00
21-03-2021 16:47:16,57.49,64.00,27.83,0.00,100.00
21-03-2021 16:47:17,57.49,64.00,27.83,0.00,100.00
21-03-2021 16:47:20,56.85,64.00,27.84,0.00,100.00
21-03-2021 16:47:23,57.75,64.00,27.84,0.00,100.00
21-03-2021 16:47:25,57.33,64.00,27.85,0.00,100.00
21-03-2021 16:47:26,56.59,64.00,27.85,0.00,100.00
21-03-2021 16:47:27,56.59,64.00,27.85,0.00,100.00
21-03-2021 16:47:28,57.91,64.00,27.85,0.00,100.00
21-03-2021 16:47:30,57.91,64.00,27.86,0.00,100.00
21-03-2021 16:47:31,56.40,64.00,27.86,0.00,100.00
21-03-2021 16:47:32,56.11,64.00,27.86,0.00,100.00
21-03-2021 16:47:33,56.11,64.00,27.87,0.00,100.00
21-03-2021 16:47:35,56.24,64.00,27.87,0.00,100.00
21-03-2021 16:47:37,56.98,64.00,27.87,0.00,100.00
21-03-2021 16:47:38,56.98,64.00,27.88,0.00,100.00
21-03-2021 16:47:41,57.36,64.00,27.89,0.00,100.00
21-03-2021 16:47:42,56.82,64.00,27.89,0.00,100.00
21-03-2021 16:47:44,57.11,64.00,27.89,0.00,100.00
21-03-2021 16:47:49,57.75,64.00,27.91,0.00,100.00
21-03-2021 16:47:51,57.17,64.00,27.91,0.00,100.00
21-03-2021 16:47:52,57.17,64.00,27.92,0.00,100.00
21-03-2021 16:47:53,60.04,64.00,27.92,0.00,100.00
21-03-2021 16:47:54,60.04,64.00,27.92,0.00,100.00
21-03-2021 16:47:56,60.91,64.00,27.93,0.00,100.00
21-03-2021 16:47:58,60.20,64.00,27.93,0.00,100.00
21-03-2021 16:47:59,60.26,64.00,27.94,0.00,100.00
21-03-2021 16:48:02,61.78,64.00,27.95,0.00,100.00
21-03-2021 16:48:04,59.55,64.00,27.95,0.00,100.00
21-03-2021 16:48:05,58.68,64.00,27.95,0.00,100.00
21-03-2021 16:48:10,60.39,64.00,27.96,0.00,100.00
21-03-2021 16:48:11,60.39,64.00,27.97,0.00,100.00
21-03-2021 16:48:12,59.97,64.00,27.97,0.00,100.00
21-03-2021 16:48:13,60.20,64.00,27.97,0.00,100.00
21-03-2021 16:48:16,60.91,64.00,27.98,0.00,100.00
21-03-2021 16:48:17,60.91,64.00,27.98,0.00,100.00
21-03-2021 16:48:18,60.55,64.00,27.98,0.00,100.00
21-03-2021 16:48:19,60.55,64.00,27.98,0.00,100.00
21-03-2021 16:48:20,60.36,64.00,27.98,0.00,100.00
21-03-2021 16:48:22,60.46,64.00,27.99,0.00,100.00
21-03-2021 16:48:23,60.46,64.00,27.99,0.00,100.00
21-03-2021 16:48:25,60.68,64.00,27.99,0.00,100.00
21-03-2021 16:48:29,61.58,64.00,28.00,0.00,100.00
21-03-2021 16:48:32,62.42,64.00,28.00,0.00,100.00
21-03-2021 16:48:34,61.88,64.00,28.01,0.00,100.00
21-03-2021 16:48:36,61.88,64.00,28.01,0.00,100.00
21-03-2021 16:48:37,62.13,64.00,28.01,0.00,100.00
21-03-2021 16:48:39,61.17,64.00,28.01,0.00,100.00
21-03-2021 16:48:40,60.68,64.00,28.01,0.00,100.00
21-03-2021 16:48:41,60.68,64.00,28.01,0.00,100.00
21-03-2021 16:48:43,60.94,64.00,28.01,0.00,100.00
21-03-2021 16:48:47,61.46,64.00,28.01,0.00,100.00
21-03-2021 16:48:49,62.29,64.00,28.01,0.00,100.00
21-03-2021 16:48:50,63.10,64.00,28.01,0.00,100.00
21-03-2021 16:48:51,63.10,64.00,28.01,0.00,100.00
21-03-2021 16:48:55,63.78,64.00,28.01,0.00,97.73
21-03-2021 16:48:58,63.52,64.00,28.01,0.00,100.00
21-03-2021 16:49:00,63.74,64.00,28.00,0.00,100.00
21-03-2021 16:49:03,64.26,64.00,28.00,0.00,95.86
21-03-2021 16:49:04,64.26,64.00,28.00,0.00,98.18
21-03-2021 16:49:10,66.55,64.00,28.00,0.00,72.75
21-03-2021 16:49:12,67.03,64.00,28.00,0.00,76.33
21-03-2021 16:49:13,66.06,64.00,28.00,0.00,86.35
21-03-2021 16:49:15,66.45,64.00,28.00,0.00,75.20
21-03-2021 16:49:18,66.35,64.00,28.00,0.00,75.74
21-03-2021 16:49:21,66.00,64.00,28.00,0.00,76.80
21-03-2021 16:49:22,66.32,64.00,28.00,0.00,69.49
21-03-2021 16:49:24,66.97,64.00,28.00,0.00,61.69
21-03-2021 16:49:26,66.42,64.00,28.00,0.00,67.97
21-03-2021 16:49:28,66.16,64.00,28.00,0.00,65.65
21-03-2021 16:49:31,66.97,64.00,28.00,0.00,53.33
21-03-2021 16:49:33,66.55,64.00,28.01,0.00,59.00
21-03-2021 16:49:34,66.87,64.00,28.01,0.00,50.82
21-03-2021 16:49:37,67.22,64.00,28.01,0.00,45.66
21-03-2021 16:49:40,66.35,64.00,28.02,0.00,53.78
21-03-2021 16:49:43,66.48,64.00,28.02,0.00,45.65
21-03-2021 16:49:44,66.84,64.00,28.02,0.00,39.92
21-03-2021 16:49:45,66.84,64.00,28.02,0.00,38.85
21-03-2021 16:49:48,68.38,64.00,28.02,0.00,19.00
21-03-2021 16:49:50,72.19,64.00,28.03,0.00,0.00
21-03-2021 16:49:51,72.19,64.00,28.03,0.00,0.00
21-03-2021 16:49:55,73.09,64.00,28.03,0.00,0.00
21-03-2021 16:49:56,73.09,64.00,28.03,0.00,0.00
21-03-2021 16:50:00,66.48,64.00,28.04,0.00,32.23
21-03-2021 16:50:04,65.94,64.00,28.04,0.00,2.74
21-03-2021 16:50:07,65.55,64.00,28.04,0.00,2.32
21-03-2021 16:50:10,64.84,64.00,28.04,0.00,6.64
21-03-2021 16:50:12,68.61,64.00,28.04,0.00,0.00
21-03-2021 16:50:13,69.45,64.00,28.04,0.00,0.00
21-03-2021 16:50:15,68.42,64.00,28.05,0.00,0.00
21-03-2021 16:50:20,68.80,64.00,28.05,0.00,0.00
21-03-2021 16:50:21,68.93,64.00,28.05,42.23,0.00
21-03-2021 16:50:24,68.48,64.00,28.05,41.55,0.00
21-03-2021 16:50:26,68.74,64.00,28.05,51.13,0.00
21-03-2021 16:50:28,68.96,64.00,28.05,57.06,0.00
21-03-2021 16:50:30,67.58,64.00,28.05,45.65,0.00
21-03-2021 16:50:33,67.74,64.00,28.06,57.93,0.00
21-03-2021 16:50:34,67.06,64.00,28.06,53.42,0.00
21-03-2021 16:50:35,66.74,64.00,28.06,56.32,0.00
21-03-2021 16:50:36,66.74,64.00,28.06,60.68,0.00
21-03-2021 16:50:38,66.39,64.00,28.06,59.52,0.00
21-03-2021 16:50:41,66.35,64.00,28.07,63.32,0.00
21-03-2021 16:50:45,64.61,64.00,28.06,46.70,0.00
21-03-2021 16:50:47,64.13,64.00,28.06,50.69,0.00
21-03-2021 16:50:48,62.39,64.00,28.05,0.00,0.00
21-03-2021 16:50:50,62.39,64.00,28.04,41.19,0.00
21-03-2021 16:50:51,61.81,64.00,28.04,0.00,0.00
21-03-2021 16:50:54,61.00,64.00,28.02,0.00,0.00
21-03-2021 16:50:55,61.00,64.00,28.02,0.00,0.00
21-03-2021 16:50:56,61.55,64.00,28.01,0.00,0.00
